episode,action
0,"[,45.517845,1.17331,53.77866,14.998598,0.525182,111.3595,3.9703362,149.48007,6.2878914,0.6849961,6.9463425]"
1,"[60.579895,6.6109314,98.444496,14.957469,0.33438975,66.88475,5.262149,23.769882,12.560007,0.5025007,4.8929167,]"
2,"[119.34569,3.673277,26.396557,14.914129,0.9864049,92.00072,4.7157784,11.844772,5.0881386,0.66576827,8.997045,]"
3,"[,33.754322,5.544559,55.60813,14.894039,0.35217583,114.435,3.3193545,138.92911,5.102412,0.21900576,5.6593323,]"
4,"[,30.377075,5.540762,36.144966,7.2590976,0.5645306,128.28085,5.770692,20.534554,5.172562,0.42843175,6.9836736,]"
5,"[145.22379,1.881216,130.9539,14.789878,0.2421655,74.98624,3.5384834,64.00772,9.859303,0.60285705,8.4074955,]"
6,"[,91.10104,4.6030493,121.95865,14.518118,0.45702615,33.98064,4.6521373,19.009819,7.6468697,0.6470441,6.0695734,]"
7,"[115.64185,6.413865,107.62024,14.186503,0.48838538,116.724106,4.493727,10.114449,5.587478,0.5245395,8.802877,]"
8,"[132.04504,6.8917203,88.75703,11.786324,0.8933326,83.53575,6.542623,136.09247,6.877649,0.55401695,4.738637,]"
9,"[,43.55372,3.2404952,129.5201,14.952716,0.19225574,105.730034,5.827135,11.561798,11.199747,0.82510656,8.695327,]"
10,"[,34.01855,6.120096,60.367783,14.774914,0.9784826,43.854576,5.276125,125.2599,7.869855,0.5102964,7.521821,]"
11,"[134.36862,2.6633253,125.96333,13.38666,0.9914955,148.01743,6.229516,114.09325,6.771905,0.44812918,8.93265,]"
12,"[131.24666,1.4186146,55.80384,12.392843,0.5259784,132.43607,3.4789724,147.57236,8.774255,0.9140055,7.278775,]"
13,"[,36.503506,5.119743,23.496822,14.95072,0.73494065,130.10513,4.567478,149.19821,11.56199,0.5038083,6.215747,]"
14,"[,57.238377,3.2959833,61.07287,14.923184,0.60925585,120.580444,4.977631,149.99237,12.021892,0.48979673,4.2631574,]"
15,"[5.34401093e+01,6.95844173e+00,1.27782585e+02,1.49999905e+01,1.07738078e-01,1.26253448e+02,6.01944447e+00,1.00520554e+01,5.31821346e+00,4.76004899e-01,5.27712679e+00]"
16,"[132.56271,5.381436,109.789375,14.971628,0.9408603,51.993362,5.9952393,34.778664,11.677268,0.5140584,6.885869,]"
17,"[,59.337807,2.641805,145.41284,8.315353,0.72217715,130.01506,5.9733377,91.16103,11.449637,0.39079738,6.90751,]"
18,"[,92.95528,2.0889072,102.01054,14.394512,0.26415762,118.20801,5.253761,146.6912,13.476284,0.49009454,5.142901,]"
19,"[107.3142,4.257032,129.73111,14.955923,0.1513038,59.149727,5.431037,149.8805,8.790161,0.8489081,8.988764,]"
20,"[76.99014,6.5997963,76.86768,13.578734,0.8055531,74.86165,3.3362713,91.29686,11.053547,0.5787358,7.8744435]"
21,"[,34.248814,1.6734781,85.46396,8.4275,0.26322573,129.45374,4.92394,136.50089,6.749635,0.4607971,4.8616986,]"
22,"[,30.702126,5.7379184,114.65657,14.998127,0.2529313,142.50662,5.6522837,102.60097,13.120159,0.6561369,8.911972,]"
23,"[44.998947,1.1216047,22.793274,14.45437,0.10163182,84.767525,4.1012025,52.10237,6.156952,0.5692811,4.1111097,]"
24,"[111.4718,6.7691164,142.38913,14.999367,0.53415006,138.13075,6.0846996,149.86696,14.906664,0.8667835,8.98184,]"
25,"[8.29305344e+01,3.43804836e+00,1.41508301e+02,1.48023615e+01,1.24714524e-01,1.06236755e+02,3.33914804e+00,1.60813904e+01,5.35208941e+00,3.32452714e-01,5.14739132e+00]"
26,"[148.20418,5.4132776,80.95303,14.999641,0.75431836,80.82139,4.4110866,16.493633,8.3593855,0.5971082,8.70652,]"
27,"[,83.347565,2.5937204,122.60837,8.547449,0.95919514,107.52434,5.305021,33.92926,12.395805,0.8173288,7.375661,]"
28,"[,30.198383,6.266777,60.685524,14.873531,0.41098788,148.73172,3.210636,144.50624,14.15336,0.89100033,4.7803583,]"
29,"[,30.077469,1.6547008,145.30931,14.791664,0.7399381,148.08565,5.631914,134.38312,6.560352,0.4893685,6.8309007]"
30,"[129.5864,4.074873,74.40016,14.950324,0.20248562,90.57363,5.642756,149.15637,14.681625,0.40631866,4.6803436,]"
31,"[,31.761475,6.927367,31.105324,8.285059,0.8834137,69.8534,5.4016957,149.95943,5.446791,0.6677347,4.7218986]"
32,"[,61.60295,5.1055655,48.933807,14.996681,0.168349,137.75986,5.26448,147.66571,7.688405,0.6363398,8.384514,]"
33,"[125.25351,6.0738044,92.52507,12.804781,0.9957408,124.93779,3.6938713,38.911175,11.81161,0.45506257,8.648445,]"
34,"[147.21672,6.71052,60.734707,11.908173,0.56512636,125.67421,1.8335555,140.78589,6.178261,0.94254506,4.6450295,]"
35,"[,65.7466,5.993569,111.70282,14.993704,0.21814445,87.262794,6.0366573,10.001579,11.742905,0.6820079,6.185978,]"
36,"[1.3285014e+02,6.7054586e+00,1.0427229e+02,1.4714006e+01,1.4449623e-01,1.4187682e+02,5.1550603e+00,1.4851135e+02,5.7500486e+00,6.7207348e-01,8.5751562e+00]"
37,"[,43.153976,1.757422,99.25775,13.557005,0.9238962,100.82937,2.7011719,141.37306,14.3450365,0.9004129,5.4971995]"
38,"[,86.94627,4.3181257,61.519592,14.970627,0.47233084,137.00478,5.3183393,148.64134,5.0626473,0.8301376,8.986719,]"
39,"[116.06274,6.2633066,13.426788,10.565047,0.19434643,55.994076,1.9348993,13.651451,9.583632,0.7641851,4.1185017,]"
40,"[,31.773224,5.7846603,120.939,14.998339,0.12897375,125.861786,6.157219,55.661232,9.499514,0.591571,8.438292,]"
41,"[130.5018,1.4814496,145.13336,13.850666,0.97382987,34.3382,5.791556,149.68628,7.9655085,0.68679607,7.5313044,]"
42,"[,51.726772,1.9091792,67.74931,8.072121,0.19919035,134.2172,4.9331117,68.27941,11.525295,0.5875493,8.975502,]"
43,"[142.97025,1.2116532,29.720558,14.968657,0.42641583,77.01607,3.393733,145.31433,11.755166,0.6332547,6.60355,]"
44,"[,31.989365,4.108904,130.27728,13.710462,0.31202114,86.280304,5.3531914,149.32916,5.3567696,0.81839526,4.060708,]"
45,"[,33.747055,1.4135311,80.71419,14.990139,0.99946755,143.0351,6.069665,17.667076,9.430416,0.693184,8.990146,]"
46,"[,31.163235,4.9155264,139.98308,14.581131,0.26165444,148.1348,5.490791,146.92867,7.4909744,0.66195077,8.768852,]"
47,"[80.69501,6.3308573,14.149178,14.22171,0.9629195,31.458721,4.3174605,67.55547,5.651796,0.9222549,4.6478252]"
48,"[149.46306,6.972151,84.953575,8.916871,0.7937894,126.63925,5.6933103,146.92265,5.3408794,0.48739022,6.3213334,]"
49,"[128.72699,2.3772073,20.872757,5.6136875,0.459402,145.80331,5.668128,125.48938,7.483631,0.7396279,4.43097,]"
50,"[3.1502468e+01,6.7513943e+00,1.2549539e+02,1.4893605e+01,1.0963118e-01,1.3351260e+02,5.6053982e+00,1.3039996e+02,8.2795420e+00,5.5051666e-01,4.7269545e+00]"
51,"[1.4999976e+02,1.0000000e+00,1.5000000e+02,5.0000000e+00,1.0000005e-01,3.1684879e+01,1.0000000e+00,1.0000000e+01,1.5000000e+01,1.0000327e-01,4.0000000e+00]"
52,"[1.50000000e+02,1.00000000e+00,1.50000000e+02,5.00000000e+00,1.00000024e-01,3.00000000e+01,1.00000000e+00,1.00000000e+01,1.50000000e+01,1.00000024e-01,4.00000000e+00]"
53,"[1.1101341e+02,1.0000784e+00,1.5000000e+02,5.0000010e+00,1.0068086e-01,3.0000084e+01,1.0000000e+00,1.0001350e+01,1.4987806e+01,1.0000000e+00,4.0007358e+00]"
54,"[1.10995850e+02,1.00007868e+00,1.50000000e+02,5.00000095e+00,1.00683779e-01,1.49999969e+02,1.00000000e+00,1.00013580e+01,1.49879637e+01,1.00000024e-01,4.00073147e+00]"
55,"[3.00268021e+01,6.99998760e+00,1.50000000e+02,5.29055309e+00,1.00000143e-01,3.00000000e+01,6.84212780e+00,1.41329620e+02,5.00000000e+00,1.00000024e-01,6.89576769e+00]"
56,"[,30.773968,6.8848343,59.670746,5.1018405,0.21739313,33.67771,1.,143.66452,6.5050397,0.9514438,8.971643,]"
57,"[3.14992943e+01,5.56017542e+00,1.05738068e+01,7.34668446e+00,9.96340573e-01,1.17817055e+02,3.79416680e+00,2.42546387e+01,6.12409115e+00,1.03311211e-01,7.93128109e+00]"
58,"[114.98142,1.1301203,28.018196,5.53086,0.17623812,30.23167,6.682238,148.97998,6.6862073,0.60163015,8.68306,]"
59,"[138.94579,2.3145623,28.574097,5.697493,0.75257003,34.935867,6.289109,143.45863,5.5323563,0.8671726,5.357927,]"
60,"[,84.362076,2.612259,103.44182,6.154976,0.34815282,129.13298,6.611339,15.159828,11.288771,0.16973719,6.50132,]"
61,"[133.992,2.8134382,106.22121,12.785142,0.31768754,104.9499,3.0430207,134.8516,11.073662,0.59550655,6.564196,]"
62,"[1.1318400e+02,5.3048730e+00,1.2977422e+02,5.7437983e+00,1.1402482e-01,4.6235012e+01,6.7354946e+00,1.2839165e+02,1.0283090e+01,9.7827554e-01,8.2989388e+00]"
63,"[,79.272,3.5745745,14.256477,8.246973,0.7379608,83.32158,6.4971905,127.130684,12.564932,0.35165522,4.1833773,]"
64,"[,34.05278,4.027064,102.911476,12.500145,0.7255001,108.39493,1.6988022,80.573006,6.776532,0.5667683,6.6049933]"
65,"[114.26831,3.139974,12.908737,13.5913315,0.67527527,34.628094,5.7539835,97.460205,11.687273,0.22217688,6.03964,]"
66,"[,32.498627,5.959714,98.289406,14.989634,0.90590966,127.775635,1.7574811,46.1566,8.980169,0.61484635,5.6236997,]"
67,"[,40.217876,5.0367274,91.67171,14.838068,0.32639092,129.76288,4.409338,43.61265,14.210789,0.86200213,4.905409,]"
68,"[50.78275,3.3877974,59.94276,9.4361725,0.6844321,55.122658,3.9903705,81.06818,12.471,0.96921146,6.834898,]"
69,"[,96.66178,6.432948,37.67282,14.533472,0.45378023,123.06561,1.3997078,13.361366,5.591426,0.5476933,7.666296,]"
70,"[102.14846,2.23265,21.683983,10.298896,0.77793926,111.89937,4.86386,137.1589,5.9647317,0.8193881,5.9832892,]"
71,"[1.1781688e+02,6.0434790e+00,8.8483253e+01,1.2719519e+01,1.0687548e-01,8.8354820e+01,6.0778084e+00,3.6077782e+01,9.0199900e+00,8.2953918e-01,8.3491783e+00]"
72,"[70.707825,2.9031649,88.461426,13.528894,0.4453997,48.13641,6.825689,44.829,12.75226,0.72187835,4.7476473,]"
73,"[,69.752655,3.1455464,105.84395,13.698692,0.9822295,50.458958,4.27752,87.66279,14.628818,0.45857108,8.046536,]"
74,"[50.82348,5.2960944,16.489594,6.3143873,0.23497456,47.41542,4.1143527,91.35765,5.2567973,0.85475075,4.3338337,]"
75,"[,98.03351,3.8573534,20.718758,13.140005,0.6859288,125.78664,1.9833121,36.594193,8.655423,0.9355948,8.914067,]"
76,"[,60.602768,2.457756,18.130222,5.6442704,0.74064827,64.35832,1.9901519,126.26594,14.245419,0.6160778,7.5654573,]"
77,"[,95.58502,6.484784,123.32225,7.232036,0.27688152,73.56302,1.6501546,53.96579,13.396355,0.9742138,8.027361,]"
78,"[,47.56985,5.368926,61.50968,7.879096,0.60504407,139.76996,4.4772844,20.388279,13.856102,0.7796585,7.378804,]"
79,"[137.8465,5.558958,25.505566,8.908122,0.19266307,80.61461,3.3874745,144.802,9.548678,0.22073954,8.448145,]"
80,"[70.38579,2.8875265,43.888546,6.76661,0.81073105,64.66126,1.6919637,69.04612,10.299299,0.11944571,4.8025312,]"
81,"[,44.71055,5.03889,127.24921,11.655424,0.4934066,142.84035,4.16991,146.40671,9.982032,0.3860556,7.1127768]"
82,"[,91.57846,6.248457,28.300804,12.418352,0.65660936,52.28024,2.964971,139.9595,5.4308195,0.41483098,5.0992575,]"
83,"[,61.529175,5.100847,13.723473,14.836776,0.2611324,96.464005,6.5143223,138.01628,10.91366,0.6465055,8.738372,]"
84,"[,41.81446,6.7862678,140.93105,8.619131,0.7291891,130.51239,4.5771103,134.12459,6.328461,0.71858764,6.395386,]"
85,"[,57.485577,5.225251,32.738377,5.348724,0.43391725,109.1905,6.948026,123.688484,6.7251644,0.6619867,8.918076,]"
86,"[,61.99485,2.2062423,16.83773,7.5549545,0.3179807,121.02883,4.256779,99.63911,14.800543,0.6872821,4.8855414]"
87,"[,35.097275,6.887175,87.18002,11.598981,0.90011775,106.72035,5.9836793,88.85313,9.416217,0.4952953,5.66428,]"
88,"[,72.16784,5.8543987,77.99213,12.967358,0.8366281,93.48935,1.3429015,105.973434,9.425514,0.6394116,8.574713,]"
89,"[,63.24207,5.1606107,63.087498,10.143397,0.92267,125.187225,1.1242237,83.19537,9.667958,0.8444505,8.834819,]"
90,"[102.33918,6.080737,46.16354,6.173629,0.42352518,84.64833,3.662707,109.26088,5.242441,0.8743189,8.496189,]"
91,"[34.979507,5.392849,47.488842,8.217098,0.738775,39.500755,2.9348302,97.238014,13.715759,0.8011464,6.5067716]"
92,"[125.689575,2.4822705,41.969353,8.974429,0.9707844,96.08708,1.3946376,127.71038,14.019005,0.6542357,4.5199127]"
93,"[,36.361153,4.396024,107.526535,13.514191,0.51535344,37.262012,6.3775353,139.27042,5.3834953,0.21349958,4.433878,]"
94,"[,66.86519,4.6654716,94.74561,8.705384,0.5737326,80.72146,6.555682,144.93387,10.322223,0.61176157,8.033978,]"
95,"[,63.931267,5.5455475,43.107376,12.610264,0.99509954,59.538887,6.017217,147.66965,10.607415,0.95733,8.255506,]"
96,"[,52.15633,2.624184,103.696106,12.98013,0.84841895,59.480152,4.1091814,120.62635,10.117351,0.69973934,6.4452763,]"
97,"[116.15933,3.4842691,34.256004,12.658097,0.52255225,64.659,4.19387,121.20622,6.1495514,0.802328,8.763308,]"
98,"[,97.22978,1.9976072,105.16832,5.82892,0.9926566,30.764423,1.48804,102.4268,5.250356,0.9624009,7.3092084]"
99,"[141.46156,4.8523154,66.23381,5.7006164,0.80238533,41.46604,5.7009935,121.622894,8.356148,0.61145574,6.171116,]"
100,"[,37.768894,6.6494474,115.31713,13.4828415,0.57004714,112.71463,1.9283218,65.533936,12.281485,0.6039869,6.2560053,]"
101,"[,96.978546,6.9090877,37.654488,10.606914,0.41778016,133.43132,6.543679,60.579132,13.722747,0.908447,8.589213,]"
102,"[,63.725567,4.8596363,58.84948,10.066901,0.51095015,59.924473,4.8382745,121.63602,13.103981,0.633588,6.63871,]"
103,"[,73.61307,5.578005,149.25766,6.268865,0.7772567,55.66639,6.2343025,33.59939,7.8397417,0.8908466,8.825572,]"
104,"[147.95996,6.3786864,112.51132,10.784206,0.9961629,123.60722,1.7641287,52.300526,7.122032,0.9761001,8.099422,]"
105,"[,53.798626,3.2441144,77.745705,9.735926,0.5092079,90.56686,5.208354,134.18365,11.960802,0.97128105,8.106611,]"
106,"[,33.930344,5.9437733,146.15216,7.7276993,0.92493504,100.28768,2.1250784,134.65544,9.827518,0.5889906,8.244875,]"
107,"[,32.48143,1.7568009,62.70346,14.292611,0.53226554,144.74927,3.3962631,137.53813,6.3520966,0.36587745,4.229747,]"
108,"[,30.59029,6.909341,12.265259,13.445692,0.86220026,50.655888,6.924472,149.83804,6.29169,0.9980917,8.866938,]"
109,"[,74.421715,6.972518,62.91288,11.614042,0.7116224,89.301254,6.6927543,144.62144,6.5335565,0.6330978,7.929603,]"
110,"[4.6677574e+01,5.9090185e+00,3.2664219e+01,1.1311472e+01,9.1711974e-01,1.1924051e+02,5.2201557e+00,1.3538342e+02,1.4572058e+01,1.2222567e-01,7.7960563e+00]"
111,"[,63.67588,6.2346745,43.330563,9.446786,0.41384137,129.6181,6.5602098,133.70924,11.899816,0.8670572,7.8911858,]"
112,"[3.2054455e+01,6.1676373e+00,5.6724854e+01,6.8091726e+00,1.1619121e-01,1.4687614e+02,4.8445816e+00,1.3180487e+02,5.8690028e+00,8.8147366e-01,4.4027557e+00]"
113,"[,79.86864,5.528742,139.4192,14.881337,0.87398773,90.02588,5.422655,140.47528,7.910394,0.95788884,8.2236,]"
114,"[143.9779,6.7616925,68.496376,13.638832,0.8548594,101.50058,4.272998,132.68558,8.9434805,0.6955445,5.319371,]"
115,"[,48.72524,6.680438,107.22161,12.766174,0.5494421,147.30806,5.0197554,100.492645,13.8793545,0.5213346,6.388167,]"
116,"[,55.22823,4.2499323,72.678535,8.777906,0.93962586,132.79198,3.432195,113.6028,12.3232765,0.8502866,7.512871,]"
117,"[1.06234535e+02,6.83277035e+00,1.26496872e+02,1.42017279e+01,1.22922659e-01,6.52487106e+01,1.41792536e+00,1.47080353e+02,7.10406876e+00,7.81567335e-01,4.61700678e+00]"
118,"[,42.32198,2.655419,79.23201,14.222855,0.9189458,46.945587,5.212587,136.71033,9.136055,0.3540428,8.206416,]"
119,"[,89.8269,1.2055764,121.80296,6.294368,0.96888447,40.785713,5.786557,149.59021,6.451396,0.96357286,5.8893795,]"
120,"[,97.4881,5.0944805,105.18764,9.47997,0.6244756,50.8302,6.092888,148.9061,5.106979,0.93109727,5.2791624,]"
121,"[105.7788,4.034865,60.59351,9.750667,0.42380968,122.77451,6.6438503,145.83806,13.513112,0.7825557,7.8208575,]"
122,"[,31.94662,6.915457,116.28198,11.750194,0.966727,37.31326,3.3476467,94.85141,11.82287,0.9369403,8.499584,]"
123,"[,97.77767,5.5752563,17.672905,10.73954,0.87915266,63.861107,5.518805,108.20125,5.4207315,0.8413866,8.089249,]"
124,"[143.30618,2.2488856,37.99098,13.036486,0.97141886,87.79217,1.9152274,23.516914,9.005196,0.63967437,6.5518165,]"
125,"[121.22648,5.9283657,106.10602,14.391199,0.33813715,52.655117,5.7725387,148.59882,6.5836287,0.83685,8.081579,]"
126,"[97.178345,4.508353,39.12151,6.650248,0.998214,49.930027,4.520954,84.80159,12.436991,0.973377,7.8525877]"
127,"[129.02081,2.2274063,26.479118,13.288301,0.875782,43.908577,6.106979,98.875725,10.609591,0.16495755,8.292769,]"
128,"[66.78105,3.7733529,79.730865,11.12285,0.98245585,70.438156,3.0287275,55.8123,10.188316,0.594335,7.322213,]"
129,"[76.057396,3.6025903,29.8241,14.840591,0.9778184,94.376724,3.9515176,36.56326,5.8472805,0.17021698,7.3183227,]"
130,"[,81.56394,6.4350367,24.414856,7.908635,0.9595131,96.55114,6.5262437,149.57642,7.7193975,0.18559736,4.774222,]"
131,"[,83.946434,4.4296436,16.932007,12.166123,0.8324654,114.232925,5.600155,139.45473,7.248642,0.5082115,8.746803,]"
132,"[,46.701164,6.318687,16.125362,7.6351156,0.7713015,56.21566,6.4550776,148.24826,7.5040503,0.42601502,7.575633,]"
133,"[,31.99015,4.955397,41.19361,13.195908,0.96522456,45.272644,5.045553,137.33899,14.289146,0.43399233,8.522219,]"
134,"[,65.4736,3.4637012,53.75276,8.642406,0.60013056,139.62094,3.0217245,105.644936,6.795588,0.41905186,4.685227,]"
135,"[,72.28667,6.5556474,132.93129,5.660961,0.491334,89.75686,6.9682994,145.23239,12.549668,0.7130625,8.745855,]"
136,"[137.68585,6.3061357,25.860088,12.840786,0.92280596,148.40369,5.7877655,80.05864,5.821417,0.63209033,7.380698,]"
137,"[,59.81983,6.136965,25.297974,8.33222,0.7275736,142.6028,4.7764373,108.01392,14.595274,0.6844583,8.042113,]"
138,"[103.25061,6.932114,16.749096,8.688797,0.76769805,41.90033,4.816249,135.22543,8.026653,0.8116596,5.030019,]"
139,"[,67.728645,4.404402,104.60879,13.922525,0.72300625,86.17119,2.7136214,146.38583,11.685071,0.6288279,5.111263,]"
140,"[,77.60646,6.291159,37.507866,8.337221,0.8872535,45.016968,6.395109,142.80734,9.378596,0.91846,7.133007,]"
141,"[,68.191154,1.5017514,129.69997,9.069418,0.44188273,101.89478,6.333397,142.4029,10.615185,0.16306016,7.7014885,]"
142,"[,53.45101,6.761465,67.19037,14.520829,0.88284177,65.56118,4.3457594,147.46454,6.299163,0.8597326,6.1965775,]"
143,"[,66.287964,6.0316424,44.407074,12.219195,0.9360658,99.02697,5.331771,144.55377,11.209412,0.41685766,8.935684,]"
144,"[119.965454,5.1864853,102.75769,13.899889,0.6046348,50.769764,5.2946196,144.06198,12.683702,0.44518578,8.0661,]"
145,"[,76.78488,6.8163714,66.34323,6.87525,0.7828429,39.54433,2.4248176,146.78857,8.7716465,0.80743283,8.166652,]"
146,"[62.18418,5.7717066,56.55531,5.229781,0.46564072,78.34366,6.9363604,72.35791,14.528005,0.3493374,6.3728156,]"
147,"[,83.69819,4.440851,58.346413,8.644313,0.848596,77.4652,4.5701694,140.10008,8.7659645,0.8915,5.870242,]"
148,"[38.822224,6.4110184,46.105698,14.864299,0.9560535,53.05566,5.9432125,74.27732,6.359052,0.5916756,6.679377,]"
149,"[,40.61935,2.209764,109.09621,14.5655575,0.64048624,116.0079,4.6659656,117.55731,6.796494,0.88862514,8.672461,]"
150,"[,70.06067,6.9253154,136.66641,13.103281,0.93173337,110.03945,6.4725647,144.48642,10.229181,0.847491,8.178899,]"
151,"[72.84445,3.5506163,56.586708,14.694126,0.13293329,53.34036,6.3373384,89.01893,5.4141088,0.9418777,8.840408,]"
152,"[,49.685726,4.8131485,21.958038,5.478654,0.3866288,44.649918,6.5529084,122.48721,7.4712114,0.87113535,8.932185,]"
153,"[,67.48758,1.4113345,87.85717,5.404964,0.15694478,33.48969,5.740498,125.756256,11.70801,0.17253956,6.10298,]"
154,"[,35.388702,5.9392023,144.93338,10.904654,0.86292005,103.78742,6.6215506,143.81003,10.191736,0.49384227,8.241422,]"
155,"[146.16048,4.30099,100.26695,10.152268,0.45273906,42.053062,4.9520583,63.92251,7.227566,0.19928,8.651267,]"
156,"[,58.817696,6.1239166,102.10036,9.272627,0.5683851,99.48579,2.9845514,28.99482,5.555731,0.2494193,5.8428583]"
157,"[,71.80205,5.5422487,118.254776,14.713139,0.7254297,107.57519,6.1537056,138.9462,6.3185234,0.97704387,6.4950504,]"
158,"[,74.98144,6.909909,16.26149,11.919008,0.5490916,130.45941,1.9104898,146.9336,5.623918,0.9859836,8.13014,]"
159,"[,65.34329,6.2124863,63.285347,10.352884,0.8525884,73.486404,5.940109,139.33592,8.746725,0.9748862,6.8578463]"
160,"[36.52076,1.7864487,10.934624,5.2341113,0.28472877,43.53269,4.266761,79.396095,6.950235,0.5468352,7.6517596,]"
161,"[,89.5355,4.9434643,10.541031,11.827845,0.18931851,41.745716,2.4782166,134.20578,5.7163754,0.7694659,8.895477,]"
162,"[40.56522,2.1184561,86.98027,9.48388,0.55345494,99.32777,6.909234,15.011345,10.163854,0.5189121,6.5446563,]"
163,"[4.1472031e+01,5.8492289e+00,9.0484131e+01,1.4722488e+01,1.0535127e-01,3.7008530e+01,3.0337892e+00,1.0979659e+02,1.4684866e+01,9.1441429e-01,6.8510823e+00]"
164,"[108.52175,3.4980612,87.91811,9.51772,0.17414123,52.81169,1.68836,50.64608,8.360464,0.8874799,8.985481,]"
165,"[,66.78079,4.149812,29.720592,14.902956,0.977751,83.73661,3.0063705,144.98401,9.358225,0.9930177,8.022619,]"
166,"[,73.01023,3.6098008,59.565727,13.998752,0.57829785,138.63953,6.848007,50.89106,13.672112,0.6270036,8.286622,]"
167,"[,86.8234,5.7273703,79.65918,12.364864,0.94916797,125.279625,6.180708,136.73703,7.4460607,0.75821495,8.415177,]"
168,"[,37.318153,5.808613,121.16519,13.849006,0.9566895,140.06328,6.5672855,147.68289,5.8320074,0.9703462,4.6050105]"
169,"[,39.85409,6.869937,95.93,13.679711,0.9349773,101.01277,6.9659142,144.26688,14.076781,0.91259146,7.8476124,]"
170,"[,32.94852,2.0757468,134.98659,12.335768,0.77603275,126.25233,5.4268675,119.23013,11.894003,0.84625113,8.037009,]"
171,"[,31.567005,6.4755507,133.54317,13.400862,0.8322805,56.989914,6.9136763,125.42493,9.395592,0.5063179,6.8009048]"
172,"[,32.844086,2.316248,36.78523,11.389008,0.7474061,147.8215,6.465799,114.420135,7.1954575,0.7121811,8.595379,]"
173,"[125.85759,4.806156,18.129017,10.559513,0.7328605,88.95619,5.959908,96.31449,12.830249,0.99270374,7.802229,]"
174,"[,90.77515,3.7497907,22.790226,14.315185,0.22798806,97.4874,4.6984844,117.703835,12.717909,0.9640375,8.528486,]"
175,"[40.09243,4.332228,41.007343,13.702709,0.78474724,72.70151,3.2083397,39.665764,8.391854,0.43752402,7.4179473,]"
176,"[123.54351,6.837577,90.98741,14.014391,0.90281165,60.684883,4.513919,137.88637,7.4032326,0.8274331,8.569937,]"
177,"[,67.87319,6.5780582,70.84028,13.398805,0.9065347,42.67002,2.8843899,135.41618,10.454492,0.8887028,8.83695,]"
178,"[124.12816,4.364855,46.66272,7.671506,0.8174539,68.76314,6.1332984,92.00213,5.430803,0.92994815,7.705044,]"
179,"[,71.120186,5.0715957,15.4363785,9.638085,0.8564217,87.842896,5.251281,134.95688,14.8457985,0.77900046,7.870664,]"
180,"[103.4483,3.0083318,21.846428,10.632232,0.8439503,118.89159,4.7833524,134.49081,12.814598,0.98908687,8.649671,]"
181,"[,70.523506,6.8249903,109.29487,14.906446,0.42836758,34.45489,6.785059,127.607956,11.527755,0.9482758,7.917632,]"
182,"[,33.91922,3.8109686,14.933014,14.811938,0.9320464,140.6004,6.3554964,139.57578,10.46496,0.28262043,8.4914665,]"
183,"[,94.62739,6.161284,46.59127,14.530472,0.6736853,63.127335,6.745311,147.30917,7.86444,0.5432171,4.80966,]"
184,"[,73.18968,6.2317624,103.985,14.000008,0.9120449,120.502754,6.79797,124.17355,12.467683,0.75308836,8.824555,]"
185,"[,30.90659,5.1321874,108.31818,14.547254,0.8962096,79.522415,4.999144,147.44678,7.8890324,0.7987715,7.4735837]"
186,"[,37.165173,6.47337,52.75894,12.09232,0.9848895,140.67274,6.833144,147.7944,6.0645084,0.45177627,8.759375,]"
187,"[56.809322,6.691083,92.02802,5.3976912,0.8348967,38.724297,1.6341484,96.51338,9.54674,0.78398997,4.693861,]"
188,"[,40.455265,6.605751,88.04112,11.162652,0.87215185,112.07175,6.9267316,143.81825,9.845568,0.97280306,8.905557,]"
189,"[,67.86568,6.018627,47.897728,13.005829,0.9420278,57.598328,6.651063,138.38908,13.579262,0.4123549,7.924174,]"
190,"[,78.53273,2.0833251,117.50717,14.941341,0.8457104,143.42105,6.3903475,147.11005,6.419918,0.6695337,8.689282,]"
191,"[,60.05074,6.779381,27.934422,8.106209,0.4461619,123.251755,6.2130446,149.66672,5.888728,0.3089156,5.9276347]"
192,"[3.7767151e+01,5.7690058e+00,1.3559424e+02,6.5899410e+00,6.4169562e-01,3.2336967e+01,4.4533758e+00,1.4336923e+02,1.2536516e+01,1.2066853e-01,5.4628663e+00]"
193,"[,52.50373,6.5179873,137.0721,12.120029,0.6221864,52.857727,6.741274,126.92078,14.2791395,0.9609041,4.472774,]"
194,"[,87.88738,5.234514,89.846085,9.37491,0.5090369,129.68211,6.2058496,147.39935,5.026346,0.2719491,8.973065,]"
195,"[129.80779,5.9710417,140.38145,13.69676,0.97122735,144.00836,5.9795146,124.4821,9.924256,0.9355389,8.54442,]"
196,"[,40.142513,6.134522,90.55871,14.6738825,0.9235405,66.83769,6.8042336,136.4111,13.328304,0.19628716,4.293018,]"
197,"[,42.00731,6.6003947,54.119125,14.375259,0.7888101,127.148834,4.0670094,142.79941,5.488562,0.23441955,8.899935,]"
198,"[,50.671425,6.9665813,35.97668,14.557813,0.99088216,48.7283,3.4699783,145.68587,9.574716,0.75095654,8.859133,]"
199,"[119.72057,6.8280044,84.79361,14.022984,0.512583,104.26579,5.6028633,26.743114,5.906196,0.8954289,7.5125904]"
200,"[,61.944427,3.0635304,146.73746,9.967905,0.8335973,50.93981,6.1561184,42.03384,5.7870474,0.94030917,6.623921,]"
201,"[,83.42189,6.9543667,90.55467,14.602602,0.98328966,74.61258,6.2253876,143.01993,5.237344,0.46215487,8.858811,]"
202,"[121.77134,6.5294867,77.08563,12.225191,0.95681167,33.820606,5.582625,128.83102,10.269497,0.8800708,8.977865,]"
203,"[,39.343266,6.570455,13.012764,10.605407,0.55993795,38.587585,5.435667,106.32202,11.241256,0.67036915,8.799161,]"
204,"[114.26342,4.3714614,36.167988,14.142931,0.22984174,133.10788,5.763326,31.059486,7.6847596,0.9525989,8.289236,]"
205,"[,32.51693,1.7680051,62.064186,14.557323,0.72943676,118.52418,3.4266386,143.92758,13.65183,0.3653388,8.879733,]"
206,"[,87.38877,6.9198723,115.004395,9.51327,0.6722286,134.12152,6.049466,142.20668,12.67651,0.15817362,8.935486,]"
207,"[,44.01969,2.9704225,101.39154,10.4341345,0.94248307,109.250015,5.097616,104.11806,14.371494,0.3416744,6.135116,]"
208,"[,30.660042,3.7225313,35.20544,14.606966,0.68988854,68.313126,6.9862814,139.62088,8.418488,0.6437113,8.852,]"
209,"[123.30081,6.107446,103.884415,12.688561,0.7895931,48.01143,4.9142666,119.47009,10.038596,0.9537532,6.322651,]"
210,"[107.28203,6.3650727,17.58675,9.724294,0.99176717,61.654152,6.800555,58.395657,9.228184,0.90598226,8.791107,]"
211,"[107.35738,5.363533,12.814583,14.957873,0.8066695,37.559044,3.6318533,108.53127,9.664302,0.8117445,6.513142,]"
212,"[,38.81482,6.1139317,48.426186,8.354536,0.7792578,69.33034,6.9286656,117.7661,8.0855875,0.5854958,8.603939,]"
213,"[,74.38667,6.843693,60.130245,14.6782,0.9941463,87.53804,3.0565653,137.45364,11.636158,0.84989125,7.2336655,]"
214,"[,34.63844,6.440781,102.0591,9.196163,0.68123734,130.2587,3.820445,139.86673,10.964068,0.60863864,5.7803674,]"
215,"[,63.137688,3.965332,90.12202,14.885793,0.9792739,56.132984,6.7026453,144.87097,12.475533,0.63992983,7.999523,]"
216,"[,37.543243,6.5550175,98.11705,6.5503454,0.9834755,30.422329,6.265167,119.47869,8.568171,0.9209306,4.5418167]"
217,"[,35.373806,6.6611247,51.91275,14.44515,0.9094461,87.795364,5.853395,139.71416,5.2088747,0.35072637,8.370108,]"
218,"[,74.74034,4.9714875,128.04605,13.752739,0.87863207,130.74803,4.473691,109.08011,11.660838,0.39475697,8.606308,]"
219,"[,55.61473,4.3895936,109.27465,9.218916,0.8269492,111.99254,3.6420805,43.30342,9.311167,0.85825276,8.9484825,]"
220,"[39.99748,5.601348,28.637718,13.727373,0.48065686,48.810238,6.8753424,92.689285,10.067247,0.98172164,7.814849,]"
221,"[137.10751,5.7385697,25.216114,14.798361,0.93825555,118.70704,4.959119,145.21674,6.0491204,0.331435,8.45841,]"
222,"[,48.206787,5.5901995,94.02673,13.39546,0.84628147,56.37219,2.0969405,132.88704,5.750465,0.61988854,7.5988026,]"
223,"[,48.810646,1.4670138,61.315193,12.168252,0.3351161,139.13342,6.889399,127.71457,5.2009053,0.16707927,8.051652,]"
224,"[,90.437096,6.9193153,137.99811,14.668859,0.9180306,66.30524,6.1593037,73.90095,9.080252,0.17856681,6.2162743,]"
225,"[,30.817219,4.571691,32.14287,14.651651,0.9812883,77.036736,5.5699544,126.789314,12.964531,0.78104496,7.9626155,]"
226,"[,83.10573,4.0918717,28.582577,12.322769,0.7351289,125.93608,2.6644983,139.40184,8.9069,0.6914497,7.0373507]"
227,"[,49.37542,6.769581,62.12731,13.687332,0.8386686,145.19717,5.693124,133.03189,6.1793227,0.92907083,6.5604687,]"
228,"[,99.13254,4.8211045,94.60061,14.376659,0.88997966,115.191315,5.5414824,141.91849,6.299755,0.99351627,5.2262,]"
229,"[,55.29533,5.837888,60.68812,12.61141,0.6873312,57.690163,6.834673,148.67206,11.53746,0.41023785,8.942387,]"
230,"[,99.0707,3.8511274,108.14332,13.9284525,0.5856233,91.311874,4.156275,84.828186,13.238726,0.29749438,7.830202,]"
231,"[,38.70422,5.9341984,99.27722,14.119049,0.97626454,51.14663,6.929756,117.99768,10.240762,0.30362183,6.5688205,]"
232,"[,35.77467,6.008379,11.720734,13.22103,0.85287565,106.61661,6.9214673,143.19698,12.187329,0.7960542,8.791975,]"
233,"[120.0742,5.8038673,104.6586,14.715855,0.69008553,137.44476,6.2276196,131.51373,6.598876,0.60867196,6.837154,]"
234,"[101.09604,5.5250587,37.41365,13.971086,0.8484602,95.2524,5.917913,141.45908,6.5111732,0.6582824,8.633657,]"
235,"[138.55714,3.5936813,44.51107,10.485551,0.8555839,123.77898,2.5101726,140.15804,10.497108,0.8758037,7.671671,]"
236,"[,58.16858,3.2323124,21.913456,14.6629715,0.66414875,134.35823,4.472288,83.91781,12.003882,0.69953156,8.081047,]"
237,"[104.15334,6.3022313,20.659916,14.409557,0.55026674,120.045074,5.4942355,128.49294,12.549574,0.93185025,7.1487427,]"
238,"[124.38205,6.523302,116.20873,12.142569,0.3646009,143.93832,5.9100266,126.14666,8.996115,0.7490383,8.186612,]"
239,"[,81.081894,4.6230083,12.0262985,8.616675,0.8059981,31.28632,6.4752026,113.61322,8.063646,0.7349807,7.1512904]"
240,"[,49.313515,2.0449252,43.127254,14.13841,0.75309324,133.9594,4.894433,141.61882,13.572157,0.95275366,7.6165648,]"
241,"[,62.672325,5.6568875,124.11667,14.939941,0.8729209,83.014435,4.077151,135.1489,12.591623,0.56816643,8.658582,]"
242,"[,82.29318,6.8867397,86.63986,14.796403,0.8187885,140.13733,4.2441516,135.58139,8.93508,0.6564041,7.8715,]"
243,"[139.1753,6.293543,35.074165,14.184606,0.4267257,37.70814,6.046244,136.12238,6.3817735,0.39022344,8.689287,]"
244,"[,43.467907,6.5233727,39.53236,8.7293625,0.9520726,110.0509,6.5790224,135.1636,11.157097,0.779325,8.195133,]"
245,"[,69.732086,3.8936784,40.622253,14.846239,0.9762099,40.947796,6.3769064,119.94026,6.944533,0.9353528,8.646382,]"
246,"[,63.332397,5.1494937,20.484428,14.214484,0.6281939,70.076096,1.8276591,125.581665,12.630391,0.7611809,8.449448,]"
247,"[147.90291,3.5625167,48.538467,12.246181,0.9309769,32.992863,4.6586685,138.38443,9.0421715,0.23385358,7.785902,]"
248,"[,96.86247,6.278925,24.58781,7.515826,0.7213348,90.43072,6.7132664,125.75553,7.0795965,0.877934,6.6158094]"
249,"[,30.50983,5.747889,19.375668,14.552385,0.76047623,104.50035,6.8859143,129.1562,8.766748,0.9500699,8.320056,]"
250,"[108.01451,4.817708,109.73315,10.879557,0.7779148,48.381973,6.766891,119.56453,14.225734,0.714463,8.383358,]"
251,"[106.69632,5.673283,145.23232,8.178036,0.84874696,88.29158,6.51138,130.82199,10.96802,0.8434826,8.745134,]"
252,"[,48.356903,5.8119297,122.04468,8.285365,0.8739558,102.4921,6.9120116,108.57379,8.679983,0.8424452,8.609411,]"
253,"[128.5973,4.385042,58.796696,12.782293,0.3015779,35.140854,4.7955627,102.16919,5.9984894,0.29031947,5.6913395,]"
254,"[141.50427,3.87392,13.858536,10.842744,0.95669746,109.17801,2.0617518,128.21632,13.231183,0.6859012,8.469409,]"
255,"[,46.912285,5.83537,51.037167,12.584152,0.5657626,55.660263,5.0511913,139.06009,6.561708,0.39455122,7.45387,]"
256,"[,70.2873,5.7218857,84.82347,14.232435,0.23479626,101.23206,5.5559807,116.93019,11.540953,0.526589,8.986603,]"
257,"[110.49577,3.2413046,119.172516,9.75524,0.55887496,35.87966,6.51423,107.33309,5.4349637,0.36269572,5.5845747,]"
258,"[111.76524,5.441297,33.659878,14.8485985,0.6051413,83.13753,5.190071,148.26862,7.983984,0.57249016,7.751327,]"
259,"[127.00357,5.7648506,18.10888,13.832571,0.93361986,94.11369,5.516487,122.49596,6.910787,0.26673064,8.544525,]"
260,"[125.01923,4.38437,56.23353,7.260925,0.81476825,56.234516,4.128058,107.77896,7.1413946,0.4884635,6.13741,]"
261,"[,66.23895,5.466915,125.915634,14.150717,0.9569557,72.9563,6.8866253,142.9231,11.4647665,0.733968,8.799473,]"
262,"[,44.01687,5.3723497,14.380363,14.924522,0.4659919,120.208626,6.1926875,145.25046,12.877089,0.30571702,8.935209,]"
263,"[,70.17214,6.447833,11.291687,14.045041,0.9958861,144.65475,5.8817024,133.85373,11.890713,0.4573251,8.718417,]"
264,"[,93.180595,2.5344698,49.24758,13.251026,0.39162934,56.36788,2.6502256,137.63234,9.101016,0.896166,8.952613,]"
265,"[,60.780617,5.6852894,13.366287,14.086273,0.8633064,130.48257,6.9121757,116.352585,14.176134,0.5232174,5.5219417]"
266,"[,52.724655,6.737417,116.2158,14.888543,0.9208461,102.200745,6.6229935,149.30359,10.545544,0.80701196,6.710555,]"
267,"[,70.17445,6.820385,29.188007,5.5236206,0.77694273,87.376076,4.509695,130.73021,13.83961,0.6506159,6.0650663,]"
268,"[103.59021,6.798176,17.830338,10.524979,0.7666483,38.600555,4.329389,147.87643,6.4587555,0.96589315,8.3385725,]"
269,"[,44.163036,6.5718555,81.48497,6.0380583,0.9637823,70.93704,4.523254,117.2478,11.858865,0.33219743,8.547594,]"
270,"[,55.804253,4.9503536,32.84862,13.769897,0.46934086,62.2554,4.464917,148.79015,14.260705,0.60580647,8.636694,]"
271,"[145.55667,6.547969,71.97132,12.748266,0.91076034,139.4566,6.1312313,147.75601,11.053772,0.86495554,8.196186,]"
272,"[31.597248,6.786422,96.96689,9.920724,0.82956886,79.363976,5.387803,72.088905,6.0602293,0.9004667,7.09223,]"
273,"[,37.496887,6.6909213,115.63425,9.967926,0.79770243,138.26741,4.462796,147.45801,8.321062,0.6664798,8.835482,]"
274,"[,33.417152,4.4285707,14.582863,13.729155,0.9603856,89.61482,6.7917423,124.86801,5.867817,0.60345966,8.754295,]"
275,"[113.927826,6.692527,129.00961,8.75332,0.85424495,66.85194,5.8231053,142.00809,5.4618826,0.6348302,8.359694,]"
276,"[67.77655,6.41078,25.564262,14.749825,0.60782176,56.257473,6.6519785,94.00483,8.138698,0.7542418,8.542818,]"
277,"[133.9422,6.894991,118.40233,12.499636,0.8943738,62.520348,5.106501,143.85193,10.330683,0.87989885,8.966928,]"
278,"[,30.77747,2.2101927,26.216492,12.447962,0.9264543,122.71278,6.1373935,146.98807,14.8424,0.55873585,7.245455,]"
279,"[,57.0351,3.973575,137.98468,8.22853,0.7394998,92.558426,6.430007,120.05504,11.4150095,0.971628,8.059061,]"
280,"[,83.66767,6.6112437,25.709621,12.7584505,0.96025705,142.74985,4.5286536,105.70198,8.52804,0.7279017,8.724787,]"
281,"[,33.748627,2.5995913,31.69172,14.071955,0.9005897,76.23263,6.498913,143.04384,5.9769425,0.5105942,7.9873347]"
282,"[65.68238,6.1634026,10.906517,7.9131274,0.95026153,88.52206,3.825622,91.79752,8.4457445,0.64744866,4.988867,]"
283,"[,68.8473,5.6756363,14.7309265,13.668172,0.9884441,38.523403,6.2700768,118.07185,9.951037,0.3234123,8.009034,]"
284,"[,47.473526,6.271901,11.36367,12.703806,0.7241788,41.94535,4.7512074,116.29703,5.6091375,0.30133635,8.8969145,]"
285,"[,85.07467,4.6240764,81.19699,14.800938,0.955185,106.24664,5.8974853,127.17464,5.5792065,0.79109323,8.723532,]"
286,"[111.548096,6.348649,12.886719,6.2582054,0.4274686,128.8642,3.343899,60.020332,12.566469,0.23674285,8.616496,]"
287,"[,35.36599,6.2802105,20.9725,13.05868,0.67926943,50.369854,5.7410674,134.64554,12.627568,0.802088,8.499141,]"
288,"[,61.81338,3.4369109,25.855736,12.27247,0.9694139,58.70648,6.7972946,122.37164,9.7146225,0.83917415,8.182978,]"
289,"[,30.37209,3.6120982,97.20871,14.118437,0.9675045,119.58273,4.809404,56.92787,7.6716957,0.32956576,6.03845,]"
290,"[,37.643036,2.903139,140.96184,14.125558,0.8502938,55.32335,6.717325,148.42838,12.092235,0.68468946,7.9670925,]"
291,"[,50.086033,6.9084625,22.716904,14.688036,0.9491999,122.90725,6.707021,124.09749,7.362726,0.6523921,8.447254,]"
292,"[,31.658722,4.7915382,23.891544,12.504349,0.9322048,37.59905,6.460526,143.39307,5.6876683,0.9486364,8.875565,]"
293,"[,62.968,6.648734,60.850163,9.672005,0.92889917,46.627037,4.9707804,134.92651,13.450981,0.8870003,6.784396,]"
294,"[,31.430302,6.719161,110.98628,14.818647,0.9337815,41.089577,6.5537696,149.52757,12.794004,0.6886234,6.1793985]"
295,"[,60.986603,6.2121525,40.02734,13.156114,0.98656213,113.33626,6.5969653,147.90363,13.774297,0.277484,8.771962,]"
296,"[,32.309616,4.7324843,73.08415,8.459129,0.8672725,69.884346,6.9587536,146.1973,11.947241,0.35308743,8.619637,]"
297,"[108.99163,4.597205,11.06427,13.301199,0.9533836,40.259598,2.1369324,142.49765,9.213804,0.95924675,5.845434,]"
298,"[104.25226,6.916333,26.28698,8.739722,0.6050591,116.368866,6.5238175,148.34589,10.566463,0.6356325,7.443594,]"
299,"[121.48116,6.506214,84.2616,10.084962,0.9333647,92.28914,6.5614777,119.0712,13.673147,0.9072269,5.970313,]"
300,"[,43.392433,6.803413,42.691803,14.62816,0.9679195,52.195366,4.648005,149.07549,6.636498,0.69689476,7.9403353,]"
301,"[125.23749,6.8284726,14.684166,10.861956,0.6646341,58.025024,5.2781677,108.33609,7.4627924,0.8204529,7.576234,]"
302,"[143.5617,6.6859593,37.41049,14.921245,0.93292266,91.8595,6.1840515,139.50784,7.899009,0.47478634,7.341569,]"
303,"[,55.31572,1.7908516,144.18872,12.721704,0.99665546,55.58742,6.4421024,117.293655,9.217098,0.44742462,8.90613,]"
304,"[,85.95012,1.9696538,97.572975,12.27095,0.7877979,50.121147,6.381964,100.094315,13.131638,0.6353627,8.979906,]"
305,"[141.46916,6.889908,48.297554,8.455957,0.83267796,102.36096,4.9386935,126.41369,12.054899,0.9293658,8.383425,]"
306,"[101.3012,2.9830503,97.178635,11.812474,0.8328511,64.50956,6.5823607,136.69536,12.323233,0.32232937,8.135263,]"
307,"[,33.417088,4.770041,135.93726,7.7867804,0.52722466,30.804756,6.523284,144.25827,5.8693347,0.38898057,8.211179,]"
308,"[107.2668,4.990063,94.6155,7.4836245,0.99595714,82.12034,6.902755,139.42206,7.3805866,0.33879808,8.763958,]"
309,"[123.52855,5.527859,120.8931,14.063144,0.92856216,48.463303,5.8841705,99.17574,13.375735,0.877771,8.974549,]"
310,"[,96.37885,6.076297,15.062538,13.44969,0.915802,106.721016,6.5284405,129.69287,8.467277,0.8190395,8.464463,]"
311,"[,33.065636,6.117878,122.90038,13.540688,0.9433609,105.78159,5.8254223,97.36361,8.0031185,0.4692008,8.620578,]"
312,"[,37.544956,6.082774,66.6049,9.246231,0.675194,125.49752,5.578511,148.04941,14.442942,0.8645296,6.938833,]"
313,"[,70.13226,3.252805,15.910522,13.784323,0.9789574,36.90206,5.1055875,147.72461,12.277645,0.85996413,7.619879,]"
314,"[,86.05701,4.2407923,20.178162,14.046791,0.89540255,60.062958,5.650856,135.98666,9.483249,0.7859847,8.101486,]"
315,"[105.78902,6.448637,97.0693,11.967394,0.8627761,52.196297,4.4540634,142.83513,5.067891,0.82070553,6.4542,]"
316,"[,42.48037,6.8102746,52.70886,12.111572,0.63519,50.08003,3.0546489,146.04886,12.725954,0.9125439,8.532938,]"
317,"[,49.35625,6.229784,42.231445,14.677218,0.6522042,130.68149,5.079154,142.1253,5.26219,0.31043863,7.927294,]"
318,"[106.70668,4.267683,37.056103,11.485715,0.8587577,139.66644,6.3800287,97.9375,8.502603,0.417677,8.495682,]"
319,"[,96.78593,6.483083,123.15185,14.148579,0.54498696,53.014034,5.773838,141.95557,6.0845656,0.20150223,8.278891,]"
320,"[125.38284,2.383576,94.12734,12.403568,0.9169189,129.73056,3.941984,140.26842,13.054925,0.5341338,8.805163,]"
321,"[,52.090332,6.599935,113.69228,12.792051,0.8220933,107.3994,6.397453,101.77162,7.916345,0.9664886,8.611641,]"
322,"[108.07764,6.737784,102.514534,14.621256,0.66002834,127.553856,3.877132,109.024536,6.833294,0.47717997,8.431613,]"
323,"[,60.955166,5.2160473,69.31899,11.718815,0.8704865,143.73763,5.7692585,120.558586,10.558888,0.5277421,6.80306,]"
324,"[,33.414524,6.7438974,104.56997,7.283744,0.5632776,37.930553,5.2899537,141.5427,5.7808666,0.6984283,7.637265,]"
325,"[105.32989,6.9107475,36.70403,8.837009,0.89760435,98.518486,5.9656105,138.96785,11.345484,0.89406776,7.6582446,]"
326,"[,69.556274,6.2575517,90.92972,7.8006387,0.87403345,36.73455,6.6296453,133.30302,13.508021,0.7894208,8.001384,]"
327,"[,32.543823,6.81668,73.5306,9.819387,0.8114939,119.972404,6.6918917,139.84494,11.50026,0.88222194,8.718136,]"
328,"[6.3929893e+01,5.7588515e+00,2.9853550e+01,1.2787964e+01,9.9239635e-01,9.1645027e+01,6.2015905e+00,1.0921327e+02,5.1798396e+00,1.0761815e-01,8.0250177e+00]"
329,"[5.9023842e+01,6.6655016e+00,4.3541508e+01,1.4236927e+01,6.8327540e-01,3.5887043e+01,4.3725309e+00,1.3450983e+02,5.4239779e+00,1.3317081e-01,8.1640549e+00]"
330,"[100.74121,4.546587,137.06616,13.19159,0.85975885,37.521534,5.9295382,121.6754,10.241,0.90717435,4.645693,]"
331,"[,69.8367,6.595017,69.23811,14.807348,0.9946687,103.13185,6.958894,146.2095,14.695973,0.8789545,8.719355,]"
332,"[,41.703556,6.910507,47.719646,14.117249,0.9015521,38.531357,6.1474543,148.63324,13.073385,0.9046444,8.619278,]"
333,"[,35.043144,5.8227296,109.4132,14.572271,0.9597568,90.92565,6.734487,144.58243,5.4148655,0.91651905,8.115328,]"
334,"[,41.9664,1.7923007,19.4558,12.884412,0.7819332,45.48523,6.7922907,142.54701,12.30862,0.2663692,5.0264072]"
335,"[,95.9647,6.8474426,48.76169,13.641981,0.8748153,71.79954,6.9120812,144.70291,5.6960907,0.98473513,8.858195,]"
336,"[115.35663,6.861269,120.69863,13.78777,0.8991163,72.29189,5.8519306,120.65496,10.610332,0.83167917,7.6692696,]"
337,"[111.18268,3.5448565,54.44673,12.149715,0.9132719,89.4552,5.1628914,137.57764,12.38739,0.72734237,7.750155,]"
338,"[100.40927,4.92576,13.869812,12.232324,0.6345404,41.274498,3.2398057,68.81477,7.1309967,0.38975078,7.9156494,]"
339,"[,88.12197,1.3732195,142.98639,14.531297,0.95898634,145.50446,6.771617,97.38757,14.937416,0.22190475,7.9072704,]"
340,"[,34.41774,4.739831,148.76965,14.3119335,0.38954276,60.49292,4.382224,89.274254,9.4407015,0.8073636,7.817084,]"
341,"[141.45822,6.8234415,60.27412,8.35086,0.92519104,72.51341,6.429798,147.96918,11.170811,0.26107085,7.5308228,]"
342,"[,52.206238,5.0057573,99.535576,11.776196,0.9472997,35.21126,6.8756514,141.4193,12.643042,0.24634156,8.991334,]"
343,"[,45.11108,5.9227123,111.72769,14.835692,0.8805026,63.507618,6.809452,147.06094,12.863322,0.9212029,6.469948,]"
344,"[,55.26574,6.459781,137.12364,14.984978,0.9413123,48.65655,6.8168154,124.31677,12.449258,0.7652764,8.960291,]"
345,"[103.96032,6.681464,88.35681,12.081675,0.85037386,123.05452,5.108746,144.53648,5.824638,0.62265456,8.5193405,]"
346,"[,55.463963,4.6436424,109.26171,13.225116,0.737035,98.974464,6.4470897,148.48431,9.273189,0.31785816,8.9111805,]"
347,"[,54.02485,6.5859528,114.47968,11.315497,0.67481345,70.43737,5.549613,138.2699,10.568776,0.90111274,7.853579,]"
348,"[,52.014187,6.9643407,79.02322,12.81378,0.9054638,54.472813,4.5258183,120.17598,9.232582,0.31997174,8.912311,]"
349,"[,36.68351,6.32967,113.56125,13.144589,0.886945,51.59229,4.4597206,100.49363,8.621056,0.88643634,8.420899,]"
350,"[,39.88488,6.847909,11.452309,13.0763235,0.28288698,91.261444,6.5391703,128.3833,7.711269,0.95615685,8.875951,]"
351,"[127.896576,6.5588665,37.455482,14.819988,0.9176409,115.72338,5.6265235,146.70712,12.523397,0.7906052,5.745908,]"
352,"[,93.076706,6.9023695,88.5423,13.620733,0.8212503,61.531418,6.96082,137.39227,7.113845,0.87574863,8.921941,]"
353,"[,97.26236,6.5819483,12.932594,9.085207,0.7183789,135.76561,2.1962945,137.03088,5.303334,0.23641539,7.823443,]"
354,"[,83.666214,4.3780136,13.415512,7.186167,0.97441715,94.88117,6.664901,131.26114,8.116596,0.14379495,8.778949,]"
355,"[144.55518,5.4963636,102.79818,14.53723,0.8766409,125.26007,6.7468915,84.60077,8.714153,0.7704264,8.69508,]"
356,"[104.04752,4.004021,55.043365,14.331924,0.7584585,91.06959,6.4948053,139.0547,8.711091,0.59221274,8.138432,]"
357,"[4.4823143e+01,5.2592111e+00,1.3245076e+02,9.2790318e+00,9.7969800e-01,5.1765167e+01,5.9442444e+00,1.4309142e+02,1.3368677e+01,1.3605747e-01,7.1609502e+00]"
358,"[,93.547295,4.7496004,127.63817,12.613836,0.9931388,47.35276,5.7228584,141.19208,6.2018013,0.7898491,8.81789,]"
359,"[137.39792,6.673612,38.09028,6.496231,0.99314463,62.075027,6.360187,148.6134,9.089099,0.90344775,8.38345,]"
360,"[,55.357952,4.2646713,63.372433,14.846245,0.9350853,36.95526,6.765767,124.652214,13.328732,0.6036468,7.4194937]"
361,"[,93.68091,6.9020867,108.43641,12.679167,0.89053154,141.57866,6.445203,148.84863,14.410135,0.8230091,8.478347,]"
362,"[69.63879,3.2932882,88.19232,14.01617,0.89275587,93.4874,6.4296985,66.06288,6.726801,0.92636245,8.441946,]"
363,"[,85.64607,5.064907,10.933121,14.19318,0.93937993,140.51157,6.02522,142.68387,12.054641,0.9596615,8.073612,]"
364,"[,31.99961,6.7362533,80.1511,13.333002,0.9791865,69.572685,5.926143,141.27733,7.6926937,0.92064786,8.004569,]"
365,"[,97.78285,6.88101,89.59453,7.6900406,0.3318494,143.30078,4.5388055,95.287315,7.0350018,0.39022267,8.838154,]"
366,"[113.58822,5.8265033,135.70871,12.819363,0.9872084,127.203354,5.385359,129.24927,6.1225896,0.27567542,8.8854065,]"
367,"[,34.55051,5.385054,19.192425,14.010927,0.32646424,37.59638,6.3488216,127.69237,14.210257,0.40959907,7.8707194,]"
368,"[73.9265,6.5370655,75.46856,10.25459,0.9419271,38.24381,6.44827,91.444885,14.48398,0.453725,8.581594,]"
369,"[,62.775997,5.032705,84.186066,10.5858345,0.91436994,72.04068,6.103503,147.88983,9.629108,0.42063588,6.5162845,]"
370,"[,43.637207,6.3930416,32.894333,14.665529,0.98236203,43.837437,6.2813463,147.93958,11.033017,0.58339494,5.818735,]"
371,"[,81.77403,6.6297317,74.55878,11.144903,0.8993029,45.984055,6.8912144,147.77606,6.914422,0.8552443,8.7336445]"
372,"[,64.999695,6.191165,23.179485,14.501688,0.976755,103.67412,6.595186,78.17336,10.978067,0.9455545,5.3888073]"
373,"[,34.31638,6.5812106,52.44594,14.502901,0.98270804,82.12445,6.516488,144.72406,9.852354,0.73133886,8.516963,]"
374,"[,35.167583,6.504989,31.535473,12.476103,0.80239034,63.14254,6.8546534,131.9781,9.529259,0.826483,8.756723,]"
375,"[,39.750584,6.7060523,104.31435,9.172539,0.5739272,33.78472,6.93111,91.989624,6.210217,0.68782836,7.904195,]"
376,"[,77.16698,6.4063473,34.101803,8.451079,0.94698715,69.80373,6.956546,148.04034,10.332447,0.87130857,8.908087,]"
377,"[,91.36371,6.3690133,122.45669,14.2411175,0.9489912,44.481678,3.6627262,93.367935,6.8083944,0.51369977,7.3234043,]"
378,"[,36.70345,6.1925735,10.4763565,14.437379,0.94506645,54.94358,5.9445477,140.97504,8.432854,0.55644834,8.796356,]"
379,"[7.8281242e+01,6.9249754e+00,3.9128834e+01,1.4840554e+01,9.8554093e-01,1.2820258e+02,3.4651089e+00,1.3461275e+02,1.4173073e+01,1.2923536e-01,7.6245451e+00]"
380,"[,70.021576,5.165286,25.128235,14.488862,0.53080153,122.19319,2.583588,139.81178,11.171637,0.95097506,8.642663,]"
381,"[134.30415,6.175352,106.49815,14.097374,0.8383478,98.88677,5.7946777,144.02615,7.7184944,0.25865975,8.886936,]"
382,"[,78.828094,5.8192253,20.811764,11.605903,0.92812043,107.49872,6.3660297,118.2003,13.674541,0.97181654,8.823722,]"
383,"[5.6961807e+01,5.8446493e+00,2.4329662e+01,1.4513983e+01,9.1526711e-01,4.1055721e+01,5.7108011e+00,1.4805013e+02,6.8722219e+00,1.4413303e-01,8.4718628e+00]"
384,"[146.02534,6.9416475,44.585884,13.099646,0.8276678,38.52504,5.6718044,140.74846,8.062667,0.658441,8.815611,]"
385,"[,85.44143,5.3736806,41.181557,14.360867,0.89926547,137.15923,3.9400752,141.62767,5.1353188,0.58405143,7.385683,]"
386,"[,68.353966,6.242745,56.8098,13.82258,0.8771434,88.64776,6.0018096,148.19763,13.6277,0.98639566,8.824955,]"
387,"[,46.630154,6.0426707,25.99057,14.3349495,0.9680712,68.71433,6.74352,146.49573,5.670974,0.3974213,8.635505,]"
388,"[,53.187088,6.107273,129.01945,14.702768,0.90467817,48.898144,4.033768,135.33357,5.6186256,0.6831237,8.045376,]"
389,"[,40.704735,6.3604,106.108696,14.143927,0.97584194,80.25898,6.0656595,148.58725,12.031588,0.6869352,8.551201,]"
390,"[,35.09352,6.910062,22.341274,14.356898,0.5723243,72.70488,6.839916,135.9498,8.313235,0.3065771,7.9954786]"
391,"[,72.802666,5.24488,16.815914,14.705563,0.9792683,34.252186,5.072784,148.64067,7.435464,0.16743478,8.594162,]"
392,"[,70.60654,6.888718,51.88251,14.724424,0.84906006,60.273216,6.1367817,146.67061,12.397433,0.5605691,5.3567185,]"
393,"[,64.34207,4.615263,62.088905,14.920017,0.9141724,115.29453,6.0157804,143.63144,8.726984,0.4454119,8.90891,]"
394,"[,31.00248,3.298866,19.729435,12.457193,0.69265187,106.53032,3.0751982,116.56705,5.5910273,0.65182626,7.7884088,]"
395,"[,40.753353,6.1802006,39.86769,12.05281,0.7449359,81.4671,4.7095914,124.2934,7.359446,0.9137012,7.3491297]"
396,"[128.8847,2.1722455,129.7826,14.709654,0.9548323,39.62472,2.2726822,143.37244,5.265896,0.83582294,6.2912703,]"
397,"[,76.35411,6.571432,48.8037,14.881348,0.96261394,88.50631,6.7933226,148.16663,8.842581,0.6674435,8.766246,]"
398,"[127.15232,6.9440193,28.190819,14.835359,0.90699947,81.273865,6.2043343,114.726074,7.225504,0.44969964,8.8552,]"
399,"[,85.3953,5.1399784,14.021339,12.962727,0.5397131,145.72345,6.2534914,121.17434,7.2216682,0.9042015,8.942171,]"
400,"[146.71758,4.953349,70.88128,9.120972,0.961513,35.265682,5.1198225,132.06293,7.2295117,0.53325903,6.480137,]"
401,"[,30.47364,6.723835,21.05162,14.737187,0.9600093,84.018585,6.965465,146.1305,9.249424,0.8898097,8.946838,]"
402,"[,72.73569,6.090356,61.30269,8.854525,0.5564371,69.13943,6.6170793,141.30045,8.236031,0.5639205,7.570485,]"
403,"[,74.859764,1.8960121,15.196312,13.162079,0.96286786,37.919098,6.110979,148.67415,14.360732,0.9243985,8.593084,]"
404,"[104.91085,3.558071,36.356686,14.636082,0.80432856,86.62597,5.458209,140.58232,11.513156,0.66075456,8.810503,]"
405,"[,81.92745,6.9420085,17.026089,14.3688545,0.9268832,134.92374,2.9971557,139.09186,5.633754,0.5324652,8.178101,]"
406,"[,47.60427,6.4959373,20.766216,12.350226,0.86543417,148.81091,6.827442,144.91977,7.2215495,0.2547732,8.985501,]"
407,"[,40.17779,6.7763143,61.47518,14.901099,0.8348527,116.75636,6.2235417,127.50867,5.054421,0.25115597,6.383889,]"
408,"[,47.060795,6.7781076,27.579132,14.643158,0.9753356,40.067993,6.8095922,149.17569,8.877709,0.7601013,8.408226,]"
409,"[84.57665,6.7594833,65.90248,12.923753,0.8083322,37.404804,3.7509203,99.49248,14.661146,0.523549,8.91831,]"
410,"[,45.293736,6.9517155,18.25216,14.668152,0.5313519,90.1875,4.980502,141.29132,9.88275,0.14458066,8.479132,]"
411,"[,37.560722,6.4389324,63.777897,14.701643,0.87798226,68.53761,6.684346,144.32932,6.818677,0.24073026,8.067656,]"
412,"[,42.382538,6.974263,73.851944,11.999041,0.5903916,46.345573,5.7764645,138.84189,8.298173,0.37952006,8.902803,]"
413,"[,42.54929,3.1669972,78.532265,12.012263,0.9296795,36.368343,6.9387846,138.41565,7.095972,0.27176982,8.615391,]"
414,"[,40.096474,5.3230944,84.89006,12.20792,0.90073895,40.73471,5.853824,130.61241,11.230991,0.92481744,7.648674,]"
415,"[,51.629604,6.598618,73.855736,12.814505,0.9648144,102.247406,6.8415055,141.95981,11.156839,0.4757924,7.963299,]"
416,"[,40.333664,6.2733645,36.636757,8.245929,0.71341634,135.67532,5.7194395,137.75627,5.167299,0.15413392,8.515013,]"
417,"[,38.150185,6.8963275,83.07766,13.670703,0.871685,104.977455,6.9607096,95.97753,14.904808,0.33044842,6.3627,]"
418,"[,54.653885,5.6938133,31.471336,14.966401,0.8383697,132.9091,6.067157,93.272865,8.070406,0.22021636,8.641343,]"
419,"[,61.579216,3.9600587,20.972294,14.786539,0.93913007,61.853256,4.318258,139.97824,7.057953,0.784354,8.577574,]"
420,"[115.15948,4.630427,23.896122,13.805485,0.99237823,39.127785,6.852389,121.76422,11.976468,0.6692396,7.943332,]"
421,"[,88.19581,6.9679337,46.240726,14.845566,0.9681114,66.6069,5.6570935,147.9659,6.002271,0.9512127,5.3481817]"
422,"[,32.238037,6.8905363,23.375114,14.637008,0.97013974,122.57692,6.8600125,146.74994,12.846394,0.66949576,8.981508,]"
423,"[,80.41376,6.954147,70.13302,7.4478555,0.5654725,43.189587,6.6643124,131.52225,5.5530295,0.85070336,8.103791,]"
424,"[146.32239,6.3521385,83.579254,9.081552,0.8187474,111.315605,4.0266614,110.209435,11.360538,0.7344315,8.550272,]"
425,"[,61.00544,5.1250906,30.045456,7.3046875,0.9310669,136.11148,6.7049837,148.5715,5.251613,0.838963,8.56683,]"
426,"[,74.516495,6.2195196,98.79106,14.241708,0.9934067,56.848362,6.6879215,144.70758,6.3761916,0.80840564,8.419606,]"
427,"[,35.36084,2.915379,108.55631,14.538087,0.898031,129.90399,5.6534014,126.68011,10.100224,0.71286285,8.691633,]"
428,"[76.65536,6.1373067,45.483467,13.532439,0.8865049,54.434494,5.968585,70.27947,7.012581,0.17374423,8.554915,]"
429,"[,58.41413,4.9234257,48.804977,14.394291,0.93180263,34.105305,6.3397036,147.47995,7.545579,0.6336025,8.197275,]"
430,"[145.34114,6.914406,33.99022,14.8870945,0.94509184,62.65928,4.8652253,137.4065,5.1458344,0.38510084,8.850882,]"
431,"[,44.803173,4.2411513,29.20808,13.747971,0.5953686,33.310455,6.3265085,103.76223,9.072278,0.6167276,8.696798,]"
432,"[103.969345,1.2793012,22.41967,11.789877,0.98762465,95.3879,5.926346,140.88167,13.310225,0.7664676,5.818312,]"
433,"[105.32402,6.9051332,16.129398,7.1909657,0.76831883,69.49532,6.422756,144.32468,6.4749594,0.42047966,8.964598,]"
434,"[119.87579,6.4843283,43.957016,12.2401495,0.9040519,121.68602,6.7633853,94.38793,10.036766,0.9778923,6.66901,]"
435,"[,38.146927,6.4622226,122.242325,12.9609995,0.8747649,63.20569,6.8203487,144.2532,8.298412,0.60314614,8.788696,]"
436,"[,90.87685,2.9025693,46.70211,13.045278,0.9508054,79.36281,6.2616005,126.04714,5.3684025,0.76820695,7.866065,]"
437,"[,43.015423,6.939852,29.197239,9.653173,0.96763873,125.5473,5.397928,136.9411,14.201177,0.53300554,7.2439747,]"
438,"[120.58096,6.4938326,79.24972,10.449504,0.9613444,94.93092,6.458967,132.24678,6.6190753,0.8179617,7.9027495]"
439,"[,36.228886,6.0889063,120.38957,14.035718,0.8984393,87.900604,6.2984133,144.60063,13.112566,0.9415132,8.356732,]"
440,"[,40.442177,6.1120687,24.202473,14.735613,0.7278,52.255314,3.9954371,141.07553,11.921145,0.9022907,8.901505,]"
441,"[,80.92089,6.570401,61.64379,7.0949864,0.96933246,71.95125,6.7779055,148.78815,6.3859982,0.46318272,6.4002943,]"
442,"[,88.127594,6.414694,23.224243,13.502025,0.9752604,85.75291,6.602662,145.14261,8.503462,0.3442586,8.986336,]"
443,"[,60.23282,5.920395,117.01703,14.776368,0.5210433,46.626663,5.582494,142.40791,8.8138485,0.8945811,8.8260355]"
444,"[,40.021843,6.550254,18.241543,14.407029,0.7787143,46.24845,6.67476,138.11372,5.5308986,0.27734277,8.7802105,]"
445,"[,41.908943,6.458702,11.396324,13.104751,0.98760724,146.72665,6.601372,134.09558,5.10666,0.9426975,6.274238,]"
446,"[,32.18449,6.3410993,29.652718,14.776805,0.96715796,130.94073,4.2494044,137.73755,5.577163,0.755779,8.2290125,]"
447,"[119.27434,6.765928,18.864204,14.6695,0.9526094,136.12894,5.171318,143.49455,9.924679,0.2952673,8.9733715]"
448,"[,63.294952,4.574151,15.718109,14.051431,0.9717165,87.451416,6.853341,105.834854,5.9137993,0.25879276,7.467237,]"
449,"[,51.308853,6.6363688,78.09354,7.658946,0.9574472,94.64938,6.8659606,138.67445,8.857043,0.6380269,8.335986,]"
450,"[,38.208836,6.136434,38.255234,14.410114,0.96598935,83.98972,6.9767256,105.144455,11.35903,0.8466755,8.922299,]"
451,"[,53.62799,6.375205,34.75369,10.594896,0.95078546,138.20587,6.715744,143.45856,13.22789,0.3777939,8.059,]"
452,"[,58.374565,5.6189847,35.43532,8.326061,0.7876697,79.63696,6.904826,135.79716,13.058946,0.52805346,6.6157193,]"
453,"[,89.01904,6.6682363,12.210075,14.074451,0.9098001,143.36331,6.634647,123.314156,7.362234,0.49367443,8.944322,]"
454,"[,60.692562,5.749308,87.94505,10.967561,0.8572761,72.72014,2.574782,119.60164,5.835699,0.38810483,8.263033,]"
455,"[,69.14383,5.9691963,112.10881,9.938629,0.74132407,115.635155,5.4559546,146.36569,6.3952475,0.65422153,8.248375,]"
456,"[,35.96914,5.6843023,25.724426,13.955812,0.98238444,42.362846,6.7470827,144.58694,8.753199,0.8712385,6.513214,]"
457,"[,77.29618,6.5689936,21.590431,11.992609,0.9801115,141.1052,6.860585,133.25235,13.183746,0.41434914,8.832642,]"
458,"[,32.29674,6.160944,92.74324,11.012115,0.9588475,42.78934,6.5173273,125.455414,12.034258,0.5679005,8.454935,]"
459,"[,71.60854,5.330625,93.461845,9.7837515,0.91053855,42.479652,6.4727116,148.81903,8.961739,0.88181484,8.717239,]"
460,"[144.22122,3.4297714,92.47192,8.821113,0.88236654,33.16504,4.340577,141.01106,6.0657654,0.944397,8.908376,]"
461,"[4.4484707e+01,5.6739264e+00,9.0958321e+01,1.3961906e+01,9.4441491e-01,8.4668129e+01,4.6017575e+00,1.4920178e+02,6.6900887e+00,1.0502136e-01,8.7419510e+00]"
462,"[,70.22051,6.1014132,126.72401,14.664184,0.9412093,61.84436,3.1472712,146.4312,14.194656,0.7864304,8.858536,]"
463,"[,34.667023,3.054738,60.977757,8.923107,0.93328375,99.59303,6.9501114,148.89929,7.913015,0.73611945,8.684074,]"
464,"[3.9942822e+01,6.0507894e+00,2.3013550e+01,1.1957308e+01,6.9639921e-01,4.4330261e+01,6.9022980e+00,1.4804092e+02,9.8872929e+00,1.2571791e-01,8.7885590e+00]"
465,"[,69.23262,6.657667,121.48332,14.336064,0.7519517,147.01453,6.6754503,148.91998,13.384123,0.2503577,6.351176,]"
466,"[,60.442215,6.7342095,69.49701,14.553221,0.89829004,122.09868,6.8365216,149.44342,5.6364913,0.3810982,8.879439,]"
467,"[,58.87595,6.5953884,14.268578,14.208675,0.96955574,46.94427,5.8317604,136.24017,14.837591,0.78323525,8.684107,]"
468,"[119.38069,5.4622316,128.991,9.20745,0.9764513,117.22582,4.741201,141.08322,6.6389847,0.64969176,8.840145,]"
469,"[,44.333233,4.8236704,123.02391,14.1646,0.96720797,129.11751,6.2130013,147.35602,11.858112,0.9969586,8.4109535,]"
470,"[,53.22042,4.4360056,19.405064,14.454748,0.97027975,65.457,6.092246,132.19376,7.47128,0.6912149,8.101141,]"
471,"[,36.660557,3.4814336,53.223125,11.617531,0.8193946,144.47362,6.084323,142.14624,11.293858,0.32087225,8.624796,]"
472,"[,43.01929,5.6002207,14.40551,12.484176,0.98736125,137.23076,4.7647524,137.7643,13.615324,0.6430714,8.580711,]"
473,"[,63.378277,5.85089,70.59444,13.675901,0.6456566,130.50427,6.5888414,125.264145,7.0084686,0.40957093,7.62666,]"
474,"[,45.598103,6.454015,12.294777,14.6126,0.97718865,128.45415,6.9400444,143.92624,9.778519,0.2380059,8.628138,]"
475,"[,53.513855,5.043119,62.265694,13.932631,0.9714349,112.795044,4.0681634,148.1467,11.70855,0.50402606,8.837741,]"
476,"[,32.732147,5.6412687,115.222404,14.171668,0.8424233,91.05361,5.211358,115.243835,6.2926464,0.853637,8.7784815]"
477,"[121.73708,5.9800406,30.511284,11.240688,0.9601841,91.986664,3.2907512,120.88074,6.2843585,0.37736997,8.25484,]"
478,"[,70.46633,4.6510377,16.700424,12.868984,0.798616,135.61801,6.611879,142.3011,6.49445,0.61212033,7.0722713,]"
479,"[,47.174988,6.8977156,15.625343,12.753253,0.96071446,120.96684,5.9466534,141.9008,8.200657,0.2137819,8.8194065,]"
480,"[,31.083443,6.717904,45.799503,11.854983,0.92618674,40.997566,6.6106005,147.8051,8.54546,0.69148856,7.857813,]"
481,"[125.56357,6.844016,21.59528,14.322633,0.94341975,105.247314,5.4507103,132.11847,7.0624065,0.5378922,8.059427,]"
482,"[,90.55142,1.5530248,20.264027,10.764015,0.95020926,47.882816,6.9801197,132.01797,5.346119,0.26700115,8.696079,]"
483,"[79.39949,6.8616266,12.107521,13.709293,0.9119226,36.88173,6.514483,90.64192,5.9319143,0.4955914,8.786988,]"
484,"[,33.547905,2.9807096,41.413284,14.094591,0.9145779,73.38239,5.3333826,141.70139,9.1271515,0.48424083,8.329253,]"
485,"[,51.841293,5.099034,90.15073,14.106308,0.89560354,83.55994,6.4747252,129.32942,9.648426,0.8007903,7.5897975,]"
486,"[,67.60215,6.8344445,44.82528,12.683531,0.88393664,129.61584,5.551526,123.716545,8.355154,0.5933685,6.4039884,]"
487,"[118.567375,6.6312733,80.01008,13.604343,0.9488933,108.410065,6.8601837,126.00516,6.3748255,0.54881924,8.557522,]"
488,"[,51.771576,6.560534,102.30013,11.576562,0.902073,56.724033,5.530962,143.58527,8.13728,0.99370766,8.542344,]"
489,"[,98.47101,4.2178082,52.33886,6.2421446,0.9952965,92.86558,6.726693,148.65341,14.062059,0.9664644,8.376391,]"
490,"[,39.548683,6.1720424,86.81391,11.124301,0.7789465,51.38323,5.943803,145.66145,7.7437897,0.4010663,7.9999,]"
491,"[101.37993,4.909296,13.702316,13.935568,0.94807917,66.02988,6.9493423,142.53056,7.683245,0.5098559,8.235325,]"
492,"[,43.03263,6.631138,29.833279,14.09507,0.719754,67.85179,6.2745314,145.70547,5.1753635,0.23278451,8.69814,]"
493,"[1.0083229e+02,5.9594793e+00,4.6771099e+01,1.4881603e+01,9.6858531e-01,3.0891750e+01,4.4218378e+00,1.3979185e+02,7.1595335e+00,1.3256291e-01,6.9398665e+00]"
494,"[,45.763084,6.6214557,114.822784,14.625271,0.9208981,37.747715,6.674655,136.38022,6.791835,0.8747314,8.609116,]"
495,"[,57.743652,5.0468435,38.776176,13.507871,0.8224124,111.00871,4.743443,147.99905,7.400469,0.28167716,8.155901,]"
496,"[,45.87877,6.666198,12.42144,13.282998,0.5609876,92.54016,6.574775,149.07495,7.808456,0.98308027,8.545933,]"
497,"[,33.233265,6.0737147,22.789711,14.299096,0.912732,127.45117,6.808733,138.94244,7.6796494,0.90248585,6.817466,]"
498,"[,93.44888,5.8898535,18.995373,14.332192,0.90708494,122.7261,6.866804,149.58699,8.997435,0.7059299,7.071146,]"
499,"[,73.20679,6.7933655,128.22699,12.167978,0.99105275,141.55586,6.526433,146.48068,5.413082,0.8721032,7.991505,]"
